{"title": "Sony Bravia 165 cm (65 inches) 4K Ultra HD Smart OLED T", "price": "\u20b9321999                                             ", "discount": "23% Off"}
{"title": "Sony Bravia 164 cm (65 inches) 4K Ultra HD Smart Certif", "price": "\u20b9322499", "discount": "24% Off"}
{"title": "Sony Bravia 108 cm (43 inches) 4K Ultra HD Certified An", "price": "\u20b9158499                                             ", "discount": "19% Off"}
{"title": "Sony Bravia 189.3 cm (75 inches) 4K Ultra HD Smart Cert", "price": "\u20b9160999", "discount": "32% Off"}
{"title": "Samsung 165.1 cm (65 inch) Ultra HD (4K) LED Smart TV, ", "price": "\u20b958999                                             ", "discount": "23% Off"}
{"title": "Sony Bravia 139 cm (55 inches) 4K Ultra HD Smart OLED T", "price": "\u20b961499", "discount": "27% Off"}
{"title": "Samsung 108 cm (43 inch) Ultra HD (4K) LED Smart TV, 8 ", "price": "\u20b9223999                                             ", "discount": "27% Off"}
{"title": "Sony Bravia 164 cm (65 inches) 4K Ultra HD Certified An", "price": "\u20b9224499", "discount": "33% Off"}
{"title": "Samsung 125 cm (50 Inches) 4K Ultra HD Smart LED TV UA5", "price": "\u20b9119999                                             ", "discount": "22% Off"}
{"title": "Sony Bravia 139 cm (55 inches) 4K Ultra HD Smart Certif", "price": "\u20b9122499", "discount": "21% Off"}
{"title": "Samsung 138 cm (55 inches) 4K Ultra HD Smart LED TV UA5", "price": "\u20b9217999                                             ", "discount": "25% Off"}
{"title": "DR2 TV 50 Inch Smart LED TV with soundbar", "price": "\u20b9218499", "discount": "6% Off"}
{"title": "DR2 TV 50 Inch Smart LED TV", "price": "\u20b944399                                             ", "discount": "6% Off"}
{"title": "Panasonic 139 cm (55 Inches) 4K Ultra HD Smart LED TV T", "price": "\u20b946899", "discount": "46% Off"}
{"title": "Panasonic 139 cm (55 inches) G750 Series 4K Ultra HD LE", "price": "\u20b9118999                                             ", "discount": "37% Off"}
{"title": "Panasonic 139 cm (55 Inches) 4K Ultra HD Smart Android ", "price": "\u20b9121499", "discount": "72% Off"}
{"title": "Panasonic 165.1 cm (65 Inches) 4K Ultra HD Smart Androi", "price": "\u20b950799                                             ", "discount": "69% Off"}
{"title": "Sony Bravia 123 cm (49 inches) 4K Ultra HD Certified An", "price": "\u20b953299", "discount": "18% Off"}
{"title": "Sony Bravia 138.8 cm (55 inches) 4K Ultra HD Certified ", "price": "\u20b9101999                                             ", "discount": "25% Off"}
{"title": "Sony Bravia 138 cm (55 inches) 4K Ultra HD Certified An", "price": "\u20b9104499", "discount": "35% Off"}
{"title": "Sony Bravia 164 cm (65 inches) 4K Ultra HD Certified An", "price": "\u20b968999                                             ", "discount": "35% Off"}
{"title": "Sony Bravia 189.3 cm (75 inches) 4K Ultra HD Smart Cert", "price": "\u20b971499", "discount": "20% Off"}
{"title": "Sony Bravia 214.8 cm (85 inches) 4K Ultra HD Certified ", "price": "\u20b937499                                             ", "discount": "16% Off"}
{"title": "Samsung 125 cm (50 Inches) 4K Ultra HD Smart LED TV UA5", "price": "\u20b939999", "discount": "24% Off"}
{"title": "Abon 40 pcs Melamine Dinner Set", "price": "\u20b91822                                             ", "discount": "63% Off"}
{"title": "Set Of 32 Pcs Darkpyro White Plastic Dinner", "price": "\u20b92249", "discount": "71% Off"}
{"title": "Abon 40 pcs Melamine Dinner Set", "price": "\u20b9477                                             ", "discount": "64% Off"}
{"title": "Abon Ds200540 Pack Of 40 Dinner Set (Melamine)", "price": "\u20b9589", "discount": "67% Off"}
{"title": "Abon 24 Pcs Melamine Dinner Set", "price": "\u20b91798                                             ", "discount": "42% Off"}
{"title": "Incrzima - 44 Pcs Dinner Set Square Red - 1551R", "price": "\u20b92219", "discount": "56% Off"}
{"title": "Incrizma Yellow 32 Pcs Round Dinner Set", "price": "\u20b91644                                             ", "discount": "65% Off"}
{"title": "Incrzima - 44 Pcs Dinner Set Round Turquoise Blue - 150", "price": "\u20b92029", "discount": "50% Off"}
{"title": "Abon 32 pcs Green Melamine Dinner Set", "price": "\u20b91150                                             ", "discount": "74% Off"}
{"title": "Incrzima - 32 Pcs Dinner Set Round Turquoise Green - 14", "price": "\u20b91419", "discount": "31% Off"}
{"title": "Incrzima - 22 Pcs Square Dinner Set - Lime Green", "price": "\u20b9988                                             ", "discount": "51% Off"}
{"title": "Incrzima - 44 Pcs Dinner Set Round Red -1501R", "price": "\u20b91219", "discount": "53% Off"}
{"title": "Abon 32 pcs Melamine Yellow Dinner set", "price": "\u20b9972                                             ", "discount": "75% Off"}
{"title": "Incrzima - 44 Pcs Dinner Set Round Yellow - 1501Y", "price": "\u20b91199", "discount": "53% Off"}
{"title": "Incrzima 44 Pcs Melamine Dinner Set Round White - 1501W", "price": "\u20b91134                                             ", "discount": "56% Off"}
{"title": "Incrzima - 24 Pcs Round Dinner Set -Turquoise Blue", "price": "\u20b91399", "discount": "31% Off"}
{"title": "Incrzima - 24 Pcs Square Dinner Set - Red", "price": "\u20b91296                                             ", "discount": "24% Off"}
{"title": "Incrzima - 18 Pcs Printed Dinner Set Red Flower", "price": "\u20b91599", "discount": "31% Off"}
{"title": "Discount Point Plastic Soup Bowl Set of 12 pcs (6 Bowls", "price": "\u20b91185                                             ", "discount": "72% Off"}
{"title": "Loozito Printed Round 32 Pcs Dinner Set", "price": "\u20b91462", "discount": "39% Off"}
{"title": "Exclusive and Microwave Safe, Plastic Printed Round Flo", "price": "\u20b9729                                             ", "discount": "67% Off"}
{"title": "32 Peice Melamine Long durable Dinner set", "price": "\u20b9899", "discount": "36% Off"}
{"title": "Exclusive and Microwave Safe, Plastic Printed Round Flo", "price": "\u20b91069                                             ", "discount": "70% Off"}
{"title": "Silver 6 Piece Bowl with Spoon", "price": "\u20b91319", "discount": "42% Off"}
{"title": "Sony Bravia 165 cm (65 inches) 4K Ultra HD Smart OLED T", "price": "\u20b9321999                                             ", "discount": "23% Off"}
{"title": "Sony Bravia 164 cm (65 inches) 4K Ultra HD Smart Certif", "price": "\u20b9322499", "discount": "24% Off"}
{"title": "Sony Bravia 108 cm (43 inches) 4K Ultra HD Certified An", "price": "\u20b9158499                                             ", "discount": "19% Off"}
{"title": "Sony Bravia 189.3 cm (75 inches) 4K Ultra HD Smart Cert", "price": "\u20b9160999", "discount": "32% Off"}
{"title": "Samsung 165.1 cm (65 inch) Ultra HD (4K) LED Smart TV, ", "price": "\u20b958999                                             ", "discount": "23% Off"}
{"title": "Sony Bravia 139 cm (55 inches) 4K Ultra HD Smart OLED T", "price": "\u20b961499", "discount": "27% Off"}
{"title": "Samsung 108 cm (43 inch) Ultra HD (4K) LED Smart TV, 8 ", "price": "\u20b9223999                                             ", "discount": "27% Off"}
{"title": "Sony Bravia 164 cm (65 inches) 4K Ultra HD Certified An", "price": "\u20b9224499", "discount": "33% Off"}
{"title": "Samsung 125 cm (50 Inches) 4K Ultra HD Smart LED TV UA5", "price": "\u20b9119999                                             ", "discount": "22% Off"}
{"title": "Sony Bravia 139 cm (55 inches) 4K Ultra HD Smart Certif", "price": "\u20b9122499", "discount": "21% Off"}
{"title": "Samsung 138 cm (55 inches) 4K Ultra HD Smart LED TV UA5", "price": "\u20b9217999                                             ", "discount": "25% Off"}
{"title": "DR2 TV 50 Inch Smart LED TV with soundbar", "price": "\u20b9218499", "discount": "6% Off"}
{"title": "DR2 TV 50 Inch Smart LED TV", "price": "\u20b944399                                             ", "discount": "6% Off"}
{"title": "Panasonic 139 cm (55 Inches) 4K Ultra HD Smart LED TV T", "price": "\u20b946899", "discount": "46% Off"}
{"title": "Panasonic 139 cm (55 inches) G750 Series 4K Ultra HD LE", "price": "\u20b9118999                                             ", "discount": "37% Off"}
{"title": "Panasonic 139 cm (55 Inches) 4K Ultra HD Smart Android ", "price": "\u20b9121499", "discount": "72% Off"}
{"title": "Panasonic 165.1 cm (65 Inches) 4K Ultra HD Smart Androi", "price": "\u20b950799                                             ", "discount": "69% Off"}
{"title": "Sony Bravia 123 cm (49 inches) 4K Ultra HD Certified An", "price": "\u20b953299", "discount": "18% Off"}
{"title": "Sony Bravia 138.8 cm (55 inches) 4K Ultra HD Certified ", "price": "\u20b9101999                                             ", "discount": "25% Off"}
{"title": "Sony Bravia 138 cm (55 inches) 4K Ultra HD Certified An", "price": "\u20b9104499", "discount": "35% Off"}
{"title": "Sony Bravia 164 cm (65 inches) 4K Ultra HD Certified An", "price": "\u20b968999                                             ", "discount": "35% Off"}
{"title": "Sony Bravia 189.3 cm (75 inches) 4K Ultra HD Smart Cert", "price": "\u20b971499", "discount": "20% Off"}
{"title": "Sony Bravia 214.8 cm (85 inches) 4K Ultra HD Certified ", "price": "\u20b937499                                             ", "discount": "16% Off"}
{"title": "Samsung 125 cm (50 Inches) 4K Ultra HD Smart LED TV UA5", "price": "\u20b939999", "discount": "24% Off"}
{"title": "Abon 40 pcs Melamine Dinner Set", "price": "\u20b91822                                             ", "discount": "63% Off"}
{"title": "Set Of 32 Pcs Darkpyro White Plastic Dinner", "price": "\u20b92249", "discount": "71% Off"}
{"title": "Abon 40 pcs Melamine Dinner Set", "price": "\u20b9477                                             ", "discount": "64% Off"}
{"title": "Abon Ds200540 Pack Of 40 Dinner Set (Melamine)", "price": "\u20b9589", "discount": "67% Off"}
{"title": "Abon 24 Pcs Melamine Dinner Set", "price": "\u20b91798                                             ", "discount": "42% Off"}
{"title": "Incrzima - 44 Pcs Dinner Set Square Red - 1551R", "price": "\u20b92219", "discount": "56% Off"}
{"title": "Incrizma Yellow 32 Pcs Round Dinner Set", "price": "\u20b91644                                             ", "discount": "65% Off"}
{"title": "Incrzima - 44 Pcs Dinner Set Round Turquoise Blue - 150", "price": "\u20b92029", "discount": "50% Off"}
{"title": "Abon 32 pcs Green Melamine Dinner Set", "price": "\u20b91150                                             ", "discount": "74% Off"}
{"title": "Incrzima - 32 Pcs Dinner Set Round Turquoise Green - 14", "price": "\u20b91419", "discount": "31% Off"}
{"title": "Incrzima - 22 Pcs Square Dinner Set - Lime Green", "price": "\u20b9988                                             ", "discount": "51% Off"}
{"title": "Incrzima - 44 Pcs Dinner Set Round Red -1501R", "price": "\u20b91219", "discount": "53% Off"}
{"title": "Abon 32 pcs Melamine Yellow Dinner set", "price": "\u20b9972                                             ", "discount": "75% Off"}
{"title": "Incrzima - 44 Pcs Dinner Set Round Yellow - 1501Y", "price": "\u20b91199", "discount": "53% Off"}
{"title": "Incrzima 44 Pcs Melamine Dinner Set Round White - 1501W", "price": "\u20b91134                                             ", "discount": "56% Off"}
{"title": "Incrzima - 24 Pcs Round Dinner Set -Turquoise Blue", "price": "\u20b91399", "discount": "31% Off"}
{"title": "Incrzima - 24 Pcs Square Dinner Set - Red", "price": "\u20b91296                                             ", "discount": "24% Off"}
{"title": "Incrzima - 18 Pcs Printed Dinner Set Red Flower", "price": "\u20b91599", "discount": "31% Off"}
{"title": "Discount Point Plastic Soup Bowl Set of 12 pcs (6 Bowls", "price": "\u20b91185                                             ", "discount": "72% Off"}
{"title": "Loozito Printed Round 32 Pcs Dinner Set", "price": "\u20b91462", "discount": "39% Off"}
{"title": "Exclusive and Microwave Safe, Plastic Printed Round Flo", "price": "\u20b9729                                             ", "discount": "67% Off"}
{"title": "32 Peice Melamine Long durable Dinner set", "price": "\u20b9899", "discount": "36% Off"}
{"title": "Exclusive and Microwave Safe, Plastic Printed Round Flo", "price": "\u20b91069                                             ", "discount": "70% Off"}
{"title": "Silver 6 Piece Bowl with Spoon", "price": "\u20b91319", "discount": "42% Off"}
{"title": "Abon 40 pcs Melamine Dinner Set", "price": "\u20b91822                                             ", "discount": "63% Off"}
{"title": "Set Of 32 Pcs Darkpyro White Plastic Dinner", "price": "\u20b92249", "discount": "71% Off"}
{"title": "Abon 40 pcs Melamine Dinner Set", "price": "\u20b9477                                             ", "discount": "64% Off"}
{"title": "Abon Ds200540 Pack Of 40 Dinner Set (Melamine)", "price": "\u20b9589", "discount": "67% Off"}
{"title": "Abon 24 Pcs Melamine Dinner Set", "price": "\u20b91798                                             ", "discount": "42% Off"}
{"title": "Incrzima - 44 Pcs Dinner Set Square Red - 1551R", "price": "\u20b92219", "discount": "56% Off"}
{"title": "Incrizma Yellow 32 Pcs Round Dinner Set", "price": "\u20b91644                                             ", "discount": "65% Off"}
{"title": "Incrzima - 44 Pcs Dinner Set Round Turquoise Blue - 150", "price": "\u20b92029", "discount": "50% Off"}
{"title": "Abon 32 pcs Green Melamine Dinner Set", "price": "\u20b91150                                             ", "discount": "74% Off"}
{"title": "Incrzima - 32 Pcs Dinner Set Round Turquoise Green - 14", "price": "\u20b91419", "discount": "31% Off"}
{"title": "Incrzima - 22 Pcs Square Dinner Set - Lime Green", "price": "\u20b9988                                             ", "discount": "51% Off"}
{"title": "Incrzima - 44 Pcs Dinner Set Round Red -1501R", "price": "\u20b91219", "discount": "53% Off"}
{"title": "Abon 32 pcs Melamine Yellow Dinner set", "price": "\u20b9972                                             ", "discount": "75% Off"}
{"title": "Incrzima - 44 Pcs Dinner Set Round Yellow - 1501Y", "price": "\u20b91199", "discount": "53% Off"}
{"title": "Incrzima 44 Pcs Melamine Dinner Set Round White - 1501W", "price": "\u20b91134                                             ", "discount": "56% Off"}
{"title": "Incrzima - 24 Pcs Round Dinner Set -Turquoise Blue", "price": "\u20b91399", "discount": "31% Off"}
{"title": "Incrzima - 24 Pcs Square Dinner Set - Red", "price": "\u20b91296                                             ", "discount": "24% Off"}
{"title": "Incrzima - 18 Pcs Printed Dinner Set Red Flower", "price": "\u20b91599", "discount": "31% Off"}
{"title": "Discount Point Plastic Soup Bowl Set of 12 pcs (6 Bowls", "price": "\u20b91185                                             ", "discount": "72% Off"}
{"title": "Loozito Printed Round 32 Pcs Dinner Set", "price": "\u20b91462", "discount": "39% Off"}
{"title": "Exclusive and Microwave Safe, Plastic Printed Round Flo", "price": "\u20b9729                                             ", "discount": "67% Off"}
{"title": "32 Peice Melamine Long durable Dinner set", "price": "\u20b9899", "discount": "36% Off"}
{"title": "Exclusive and Microwave Safe, Plastic Printed Round Flo", "price": "\u20b91069                                             ", "discount": "70% Off"}
{"title": "Silver 6 Piece Bowl with Spoon", "price": "\u20b91319", "discount": "42% Off"}
{"title": "Sony Bravia 165 cm (65 inches) 4K Ultra HD Smart OLED T", "price": "\u20b9321999                                             ", "discount": "23% Off"}
{"title": "Sony Bravia 164 cm (65 inches) 4K Ultra HD Smart Certif", "price": "\u20b9322499", "discount": "24% Off"}
{"title": "Sony Bravia 108 cm (43 inches) 4K Ultra HD Certified An", "price": "\u20b9158499                                             ", "discount": "19% Off"}
{"title": "Sony Bravia 189.3 cm (75 inches) 4K Ultra HD Smart Cert", "price": "\u20b9160999", "discount": "32% Off"}
{"title": "Samsung 165.1 cm (65 inch) Ultra HD (4K) LED Smart TV, ", "price": "\u20b958999                                             ", "discount": "23% Off"}
{"title": "Sony Bravia 139 cm (55 inches) 4K Ultra HD Smart OLED T", "price": "\u20b961499", "discount": "27% Off"}
{"title": "Samsung 108 cm (43 inch) Ultra HD (4K) LED Smart TV, 8 ", "price": "\u20b9223999                                             ", "discount": "27% Off"}
{"title": "Sony Bravia 164 cm (65 inches) 4K Ultra HD Certified An", "price": "\u20b9224499", "discount": "33% Off"}
{"title": "Samsung 125 cm (50 Inches) 4K Ultra HD Smart LED TV UA5", "price": "\u20b9119999                                             ", "discount": "22% Off"}
{"title": "Sony Bravia 139 cm (55 inches) 4K Ultra HD Smart Certif", "price": "\u20b9122499", "discount": "21% Off"}
{"title": "Samsung 138 cm (55 inches) 4K Ultra HD Smart LED TV UA5", "price": "\u20b9217999                                             ", "discount": "25% Off"}
{"title": "DR2 TV 50 Inch Smart LED TV with soundbar", "price": "\u20b9218499", "discount": "6% Off"}
{"title": "DR2 TV 50 Inch Smart LED TV", "price": "\u20b944399                                             ", "discount": "6% Off"}
{"title": "Panasonic 139 cm (55 Inches) 4K Ultra HD Smart LED TV T", "price": "\u20b946899", "discount": "46% Off"}
{"title": "Panasonic 139 cm (55 inches) G750 Series 4K Ultra HD LE", "price": "\u20b9118999                                             ", "discount": "37% Off"}
{"title": "Panasonic 139 cm (55 Inches) 4K Ultra HD Smart Android ", "price": "\u20b9121499", "discount": "72% Off"}
{"title": "Panasonic 165.1 cm (65 Inches) 4K Ultra HD Smart Androi", "price": "\u20b950799                                             ", "discount": "69% Off"}
{"title": "Sony Bravia 123 cm (49 inches) 4K Ultra HD Certified An", "price": "\u20b953299", "discount": "18% Off"}
{"title": "Sony Bravia 138.8 cm (55 inches) 4K Ultra HD Certified ", "price": "\u20b9101999                                             ", "discount": "25% Off"}
{"title": "Sony Bravia 138 cm (55 inches) 4K Ultra HD Certified An", "price": "\u20b9104499", "discount": "35% Off"}
{"title": "Sony Bravia 164 cm (65 inches) 4K Ultra HD Certified An", "price": "\u20b968999                                             ", "discount": "35% Off"}
{"title": "Sony Bravia 189.3 cm (75 inches) 4K Ultra HD Smart Cert", "price": "\u20b971499", "discount": "20% Off"}
{"title": "Sony Bravia 214.8 cm (85 inches) 4K Ultra HD Certified ", "price": "\u20b937499                                             ", "discount": "16% Off"}
{"title": "Samsung 125 cm (50 Inches) 4K Ultra HD Smart LED TV UA5", "price": "\u20b939999", "discount": "24% Off"}
{"titles": "Sony Bravia 165 cm (65 inches) 4K Ultra HD Smart OLED T", "prices": "\u20b9321999                                             ", "discounts": "23% Off"}
{"titles": "Sony Bravia 164 cm (65 inches) 4K Ultra HD Smart Certif", "prices": "\u20b9322499", "discounts": "24% Off"}
{"titles": "Sony Bravia 108 cm (43 inches) 4K Ultra HD Certified An", "prices": "\u20b9158499                                             ", "discounts": "19% Off"}
{"titles": "Sony Bravia 189.3 cm (75 inches) 4K Ultra HD Smart Cert", "prices": "\u20b9160999", "discounts": "32% Off"}
{"titles": "Samsung 165.1 cm (65 inch) Ultra HD (4K) LED Smart TV, ", "prices": "\u20b958999                                             ", "discounts": "23% Off"}
{"titles": "Sony Bravia 139 cm (55 inches) 4K Ultra HD Smart OLED T", "prices": "\u20b961499", "discounts": "27% Off"}
{"titles": "Samsung 108 cm (43 inch) Ultra HD (4K) LED Smart TV, 8 ", "prices": "\u20b9223999                                             ", "discounts": "27% Off"}
{"titles": "Sony Bravia 164 cm (65 inches) 4K Ultra HD Certified An", "prices": "\u20b9224499", "discounts": "33% Off"}
{"titles": "Samsung 125 cm (50 Inches) 4K Ultra HD Smart LED TV UA5", "prices": "\u20b9119999                                             ", "discounts": "22% Off"}
{"titles": "Sony Bravia 139 cm (55 inches) 4K Ultra HD Smart Certif", "prices": "\u20b9122499", "discounts": "21% Off"}
{"titles": "Samsung 138 cm (55 inches) 4K Ultra HD Smart LED TV UA5", "prices": "\u20b9217999                                             ", "discounts": "25% Off"}
{"titles": "DR2 TV 50 Inch Smart LED TV with soundbar", "prices": "\u20b9218499", "discounts": "6% Off"}
{"titles": "DR2 TV 50 Inch Smart LED TV", "prices": "\u20b944399                                             ", "discounts": "6% Off"}
{"titles": "Panasonic 139 cm (55 Inches) 4K Ultra HD Smart LED TV T", "prices": "\u20b946899", "discounts": "46% Off"}
{"titles": "Panasonic 139 cm (55 inches) G750 Series 4K Ultra HD LE", "prices": "\u20b9118999                                             ", "discounts": "37% Off"}
{"titles": "Panasonic 139 cm (55 Inches) 4K Ultra HD Smart Android ", "prices": "\u20b9121499", "discounts": "72% Off"}
{"titles": "Panasonic 165.1 cm (65 Inches) 4K Ultra HD Smart Androi", "prices": "\u20b950799                                             ", "discounts": "69% Off"}
{"titles": "Sony Bravia 123 cm (49 inches) 4K Ultra HD Certified An", "prices": "\u20b953299", "discounts": "18% Off"}
{"titles": "Sony Bravia 138.8 cm (55 inches) 4K Ultra HD Certified ", "prices": "\u20b9101999                                             ", "discounts": "25% Off"}
{"titles": "Sony Bravia 138 cm (55 inches) 4K Ultra HD Certified An", "prices": "\u20b9104499", "discounts": "35% Off"}
{"titles": "Sony Bravia 164 cm (65 inches) 4K Ultra HD Certified An", "prices": "\u20b968999                                             ", "discounts": "35% Off"}
{"titles": "Sony Bravia 189.3 cm (75 inches) 4K Ultra HD Smart Cert", "prices": "\u20b971499", "discounts": "20% Off"}
{"titles": "Sony Bravia 214.8 cm (85 inches) 4K Ultra HD Certified ", "prices": "\u20b937499                                             ", "discounts": "16% Off"}
{"titles": "Samsung 125 cm (50 Inches) 4K Ultra HD Smart LED TV UA5", "prices": "\u20b939999", "discounts": "24% Off"}
{"titles": "Abon 40 pcs Melamine Dinner Set", "prices": "\u20b91822                                             ", "discounts": "63% Off"}
{"titles": "Set Of 32 Pcs Darkpyro White Plastic Dinner", "prices": "\u20b92249", "discounts": "71% Off"}
{"titles": "Abon 40 pcs Melamine Dinner Set", "prices": "\u20b9477                                             ", "discounts": "64% Off"}
{"titles": "Abon Ds200540 Pack Of 40 Dinner Set (Melamine)", "prices": "\u20b9589", "discounts": "67% Off"}
{"titles": "Abon 24 Pcs Melamine Dinner Set", "prices": "\u20b91798                                             ", "discounts": "42% Off"}
{"titles": "Incrzima - 44 Pcs Dinner Set Square Red - 1551R", "prices": "\u20b92219", "discounts": "56% Off"}
{"titles": "Incrizma Yellow 32 Pcs Round Dinner Set", "prices": "\u20b91644                                             ", "discounts": "65% Off"}
{"titles": "Incrzima - 44 Pcs Dinner Set Round Turquoise Blue - 150", "prices": "\u20b92029", "discounts": "50% Off"}
{"titles": "Abon 32 pcs Green Melamine Dinner Set", "prices": "\u20b91150                                             ", "discounts": "74% Off"}
{"titles": "Incrzima - 32 Pcs Dinner Set Round Turquoise Green - 14", "prices": "\u20b91419", "discounts": "31% Off"}
{"titles": "Incrzima - 22 Pcs Square Dinner Set - Lime Green", "prices": "\u20b9988                                             ", "discounts": "51% Off"}
{"titles": "Incrzima - 44 Pcs Dinner Set Round Red -1501R", "prices": "\u20b91219", "discounts": "53% Off"}
{"titles": "Abon 32 pcs Melamine Yellow Dinner set", "prices": "\u20b9972                                             ", "discounts": "75% Off"}
{"titles": "Incrzima - 44 Pcs Dinner Set Round Yellow - 1501Y", "prices": "\u20b91199", "discounts": "53% Off"}
{"titles": "Incrzima 44 Pcs Melamine Dinner Set Round White - 1501W", "prices": "\u20b91134                                             ", "discounts": "56% Off"}
{"titles": "Incrzima - 24 Pcs Round Dinner Set -Turquoise Blue", "prices": "\u20b91399", "discounts": "31% Off"}
{"titles": "Incrzima - 24 Pcs Square Dinner Set - Red", "prices": "\u20b91296                                             ", "discounts": "24% Off"}
{"titles": "Incrzima - 18 Pcs Printed Dinner Set Red Flower", "prices": "\u20b91599", "discounts": "31% Off"}
{"titles": "Discount Point Plastic Soup Bowl Set of 12 pcs (6 Bowls", "prices": "\u20b91185                                             ", "discounts": "72% Off"}
{"titles": "Loozito Printed Round 32 Pcs Dinner Set", "prices": "\u20b91462", "discounts": "39% Off"}
{"titles": "Exclusive and Microwave Safe, Plastic Printed Round Flo", "prices": "\u20b9729                                             ", "discounts": "67% Off"}
{"titles": "32 Peice Melamine Long durable Dinner set", "prices": "\u20b9899", "discounts": "36% Off"}
{"titles": "Exclusive and Microwave Safe, Plastic Printed Round Flo", "prices": "\u20b91069                                             ", "discounts": "70% Off"}
{"titles": "Silver 6 Piece Bowl with Spoon", "prices": "\u20b91319", "discounts": "42% Off"}
{"titles": "Abon 40 pcs Melamine Dinner Set", "prices": "\u20b91822                                             ", "discounts": "63% Off"}
{"titles": "Set Of 32 Pcs Darkpyro White Plastic Dinner", "prices": "\u20b92249", "discounts": "71% Off"}
{"titles": "Abon 40 pcs Melamine Dinner Set", "prices": "\u20b9477                                             ", "discounts": "64% Off"}
{"titles": "Abon Ds200540 Pack Of 40 Dinner Set (Melamine)", "prices": "\u20b9589", "discounts": "67% Off"}
{"titles": "Abon 24 Pcs Melamine Dinner Set", "prices": "\u20b91798                                             ", "discounts": "42% Off"}
{"titles": "Incrzima - 44 Pcs Dinner Set Square Red - 1551R", "prices": "\u20b92219", "discounts": "56% Off"}
{"titles": "Incrizma Yellow 32 Pcs Round Dinner Set", "prices": "\u20b91644                                             ", "discounts": "65% Off"}
{"titles": "Incrzima - 44 Pcs Dinner Set Round Turquoise Blue - 150", "prices": "\u20b92029", "discounts": "50% Off"}
{"titles": "Abon 32 pcs Green Melamine Dinner Set", "prices": "\u20b91150                                             ", "discounts": "74% Off"}
{"titles": "Incrzima - 32 Pcs Dinner Set Round Turquoise Green - 14", "prices": "\u20b91419", "discounts": "31% Off"}
{"titles": "Incrzima - 22 Pcs Square Dinner Set - Lime Green", "prices": "\u20b9988                                             ", "discounts": "51% Off"}
{"titles": "Incrzima - 44 Pcs Dinner Set Round Red -1501R", "prices": "\u20b91219", "discounts": "53% Off"}
{"titles": "Abon 32 pcs Melamine Yellow Dinner set", "prices": "\u20b9972                                             ", "discounts": "75% Off"}
{"titles": "Incrzima - 44 Pcs Dinner Set Round Yellow - 1501Y", "prices": "\u20b91199", "discounts": "53% Off"}
{"titles": "Incrzima 44 Pcs Melamine Dinner Set Round White - 1501W", "prices": "\u20b91134                                             ", "discounts": "56% Off"}
{"titles": "Incrzima - 24 Pcs Round Dinner Set -Turquoise Blue", "prices": "\u20b91399", "discounts": "31% Off"}
{"titles": "Incrzima - 24 Pcs Square Dinner Set - Red", "prices": "\u20b91296                                             ", "discounts": "24% Off"}
{"titles": "Incrzima - 18 Pcs Printed Dinner Set Red Flower", "prices": "\u20b91599", "discounts": "31% Off"}
{"titles": "Discount Point Plastic Soup Bowl Set of 12 pcs (6 Bowls", "prices": "\u20b91185                                             ", "discounts": "72% Off"}
{"titles": "Loozito Printed Round 32 Pcs Dinner Set", "prices": "\u20b91462", "discounts": "39% Off"}
{"titles": "Exclusive and Microwave Safe, Plastic Printed Round Flo", "prices": "\u20b9729                                             ", "discounts": "67% Off"}
{"titles": "32 Peice Melamine Long durable Dinner set", "prices": "\u20b9899", "discounts": "36% Off"}
{"titles": "Exclusive and Microwave Safe, Plastic Printed Round Flo", "prices": "\u20b91069                                             ", "discounts": "70% Off"}
{"titles": "Silver 6 Piece Bowl with Spoon", "prices": "\u20b91319", "discounts": "42% Off"}
{"titles": "Sony Bravia 165 cm (65 inches) 4K Ultra HD Smart OLED T", "prices": "\u20b9321999                                             ", "discounts": "23% Off"}
{"titles": "Sony Bravia 164 cm (65 inches) 4K Ultra HD Smart Certif", "prices": "\u20b9322499", "discounts": "24% Off"}
{"titles": "Sony Bravia 108 cm (43 inches) 4K Ultra HD Certified An", "prices": "\u20b9158499                                             ", "discounts": "19% Off"}
{"titles": "Sony Bravia 189.3 cm (75 inches) 4K Ultra HD Smart Cert", "prices": "\u20b9160999", "discounts": "32% Off"}
{"titles": "Samsung 165.1 cm (65 inch) Ultra HD (4K) LED Smart TV, ", "prices": "\u20b958999                                             ", "discounts": "23% Off"}
{"titles": "Sony Bravia 139 cm (55 inches) 4K Ultra HD Smart OLED T", "prices": "\u20b961499", "discounts": "27% Off"}
{"titles": "Samsung 108 cm (43 inch) Ultra HD (4K) LED Smart TV, 8 ", "prices": "\u20b9223999                                             ", "discounts": "27% Off"}
{"titles": "Sony Bravia 164 cm (65 inches) 4K Ultra HD Certified An", "prices": "\u20b9224499", "discounts": "33% Off"}
{"titles": "Samsung 125 cm (50 Inches) 4K Ultra HD Smart LED TV UA5", "prices": "\u20b9119999                                             ", "discounts": "22% Off"}
{"titles": "Sony Bravia 139 cm (55 inches) 4K Ultra HD Smart Certif", "prices": "\u20b9122499", "discounts": "21% Off"}
{"titles": "Samsung 138 cm (55 inches) 4K Ultra HD Smart LED TV UA5", "prices": "\u20b9217999                                             ", "discounts": "25% Off"}
{"titles": "DR2 TV 50 Inch Smart LED TV with soundbar", "prices": "\u20b9218499", "discounts": "6% Off"}
{"titles": "DR2 TV 50 Inch Smart LED TV", "prices": "\u20b944399                                             ", "discounts": "6% Off"}
{"titles": "Panasonic 139 cm (55 Inches) 4K Ultra HD Smart LED TV T", "prices": "\u20b946899", "discounts": "46% Off"}
{"titles": "Panasonic 139 cm (55 inches) G750 Series 4K Ultra HD LE", "prices": "\u20b9118999                                             ", "discounts": "37% Off"}
{"titles": "Panasonic 139 cm (55 Inches) 4K Ultra HD Smart Android ", "prices": "\u20b9121499", "discounts": "72% Off"}
{"titles": "Panasonic 165.1 cm (65 Inches) 4K Ultra HD Smart Androi", "prices": "\u20b950799                                             ", "discounts": "69% Off"}
{"titles": "Sony Bravia 123 cm (49 inches) 4K Ultra HD Certified An", "prices": "\u20b953299", "discounts": "18% Off"}
{"titles": "Sony Bravia 138.8 cm (55 inches) 4K Ultra HD Certified ", "prices": "\u20b9101999                                             ", "discounts": "25% Off"}
{"titles": "Sony Bravia 138 cm (55 inches) 4K Ultra HD Certified An", "prices": "\u20b9104499", "discounts": "35% Off"}
{"titles": "Sony Bravia 164 cm (65 inches) 4K Ultra HD Certified An", "prices": "\u20b968999                                             ", "discounts": "35% Off"}
{"titles": "Sony Bravia 189.3 cm (75 inches) 4K Ultra HD Smart Cert", "prices": "\u20b971499", "discounts": "20% Off"}
{"titles": "Sony Bravia 214.8 cm (85 inches) 4K Ultra HD Certified ", "prices": "\u20b937499                                             ", "discounts": "16% Off"}
{"titles": "Samsung 125 cm (50 Inches) 4K Ultra HD Smart LED TV UA5", "prices": "\u20b939999", "discounts": "24% Off"}
{"titles": ["Abon 40 pcs Melamine Dinner Set", "Set Of 32 Pcs Darkpyro White Plastic Dinner", "Abon 40 pcs Melamine Dinner Set", "Abon Ds200540 Pack Of 40 Dinner Set (Melamine)", "Abon 24 Pcs Melamine Dinner Set", "Incrzima - 44 Pcs Dinner Set Square Red - 1551R", "Incrizma Yellow 32 Pcs Round Dinner Set", "Incrzima - 44 Pcs Dinner Set Round Turquoise Blue - 150", "Abon 32 pcs Green Melamine Dinner Set", "Incrzima - 32 Pcs Dinner Set Round Turquoise Green - 14", "Incrzima - 22 Pcs Square Dinner Set - Lime Green", "Incrzima - 44 Pcs Dinner Set Round Red -1501R", "Abon 32 pcs Melamine Yellow Dinner set", "Incrzima - 44 Pcs Dinner Set Round Yellow - 1501Y", "Incrzima 44 Pcs Melamine Dinner Set Round White - 1501W", "Incrzima - 24 Pcs Round Dinner Set -Turquoise Blue", "Incrzima - 24 Pcs Square Dinner Set - Red", "Incrzima - 18 Pcs Printed Dinner Set Red Flower", "Discount Point Plastic Soup Bowl Set of 12 pcs (6 Bowls", "Loozito Printed Round 32 Pcs Dinner Set", "Exclusive and Microwave Safe, Plastic Printed Round Flo", "32 Peice Melamine Long durable Dinner set", "Exclusive and Microwave Safe, Plastic Printed Round Flo", "Silver 6 Piece Bowl with Spoon"], "prices": ["\u20b91822                                             ", "\u20b92249", "\u20b9477                                             ", "\u20b9589", "\u20b91798                                             ", "\u20b92219", "\u20b91644                                             ", "\u20b92029", "\u20b91150                                             ", "\u20b91419", "\u20b9988                                             ", "\u20b91219", "\u20b9972                                             ", "\u20b91199", "\u20b91134                                             ", "\u20b91399", "\u20b91296                                             ", "\u20b91599", "\u20b91185                                             ", "\u20b91462", "\u20b9729                                             ", "\u20b9899", "\u20b91069                                             ", "\u20b91319", "\u20b91239                                             ", "\u20b91529", "\u20b91069                                             ", "\u20b91319", "\u20b9988                                             ", "\u20b91219", "\u20b9810                                             ", "\u20b91000", "\u20b9891                                             ", "\u20b91100", "\u20b91033                                             ", "\u20b91275", "\u20b9139                                             ", "\u20b9189", "\u20b91215                                             ", "\u20b91499", "\u20b9811                                             ", "\u20b91001", "\u20b91207                                             ", "\u20b91490", "\u20b9737                                             ", "\u20b9909", "\u20b93275                                             ", "\u20b93650"], "discounts": ["63% Off", "71% Off", "64% Off", "67% Off", "42% Off", "56% Off", "65% Off", "50% Off", "74% Off", "31% Off", "51% Off", "53% Off", "75% Off", "53% Off", "56% Off", "31% Off", "24% Off", "31% Off", "72% Off", "39% Off", "67% Off", "36% Off", "70% Off", "42% Off"]}
{"titles": ["Sony Bravia 165 cm (65 inches) 4K Ultra HD Smart OLED T", "Sony Bravia 164 cm (65 inches) 4K Ultra HD Smart Certif", "Sony Bravia 108 cm (43 inches) 4K Ultra HD Certified An", "Sony Bravia 189.3 cm (75 inches) 4K Ultra HD Smart Cert", "Samsung 165.1 cm (65 inch) Ultra HD (4K) LED Smart TV, ", "Sony Bravia 139 cm (55 inches) 4K Ultra HD Smart OLED T", "Samsung 108 cm (43 inch) Ultra HD (4K) LED Smart TV, 8 ", "Sony Bravia 164 cm (65 inches) 4K Ultra HD Certified An", "Samsung 125 cm (50 Inches) 4K Ultra HD Smart LED TV UA5", "Sony Bravia 139 cm (55 inches) 4K Ultra HD Smart Certif", "Samsung 138 cm (55 inches) 4K Ultra HD Smart LED TV UA5", "DR2 TV 50 Inch Smart LED TV with soundbar", "DR2 TV 50 Inch Smart LED TV", "Panasonic 139 cm (55 Inches) 4K Ultra HD Smart LED TV T", "Panasonic 139 cm (55 inches) G750 Series 4K Ultra HD LE", "Panasonic 139 cm (55 Inches) 4K Ultra HD Smart Android ", "Panasonic 165.1 cm (65 Inches) 4K Ultra HD Smart Androi", "Sony Bravia 123 cm (49 inches) 4K Ultra HD Certified An", "Sony Bravia 138.8 cm (55 inches) 4K Ultra HD Certified ", "Sony Bravia 138 cm (55 inches) 4K Ultra HD Certified An", "Sony Bravia 164 cm (65 inches) 4K Ultra HD Certified An", "Sony Bravia 189.3 cm (75 inches) 4K Ultra HD Smart Cert", "Sony Bravia 214.8 cm (85 inches) 4K Ultra HD Certified ", "Samsung 125 cm (50 Inches) 4K Ultra HD Smart LED TV UA5"], "prices": ["\u20b9321999                                             ", "\u20b9322499", "\u20b9158499                                             ", "\u20b9160999", "\u20b958999                                             ", "\u20b961499", "\u20b9223999                                             ", "\u20b9224499", "\u20b9119999                                             ", "\u20b9122499", "\u20b9217999                                             ", "\u20b9218499", "\u20b944399                                             ", "\u20b946899", "\u20b9118999                                             ", "\u20b9121499", "\u20b950799                                             ", "\u20b953299", "\u20b9101999                                             ", "\u20b9104499", "\u20b968999                                             ", "\u20b971499", "\u20b937499                                             ", "\u20b939999", "\u20b936499                                             ", "\u20b938999", "\u20b955399                                             ", "\u20b957899", "\u20b953899                                             ", "\u20b956399", "\u20b951399                                             ", "\u20b953899", "\u20b979899                                             ", "\u20b982399", "\u20b962999                                             ", "\u20b965499", "\u20b970999                                             ", "\u20b973499", "\u20b9161999                                             ", "\u20b9164499", "\u20b9239999                                             ", "\u20b9240499", "\u20b9437999                                             ", "\u20b9438499", "\u20b9583999                                             ", "\u20b9584499", "\u20b953799                                             ", "\u20b956299"], "discounts": ["23% Off", "24% Off", "19% Off", "32% Off", "23% Off", "27% Off", "27% Off", "33% Off", "22% Off", "21% Off", "25% Off", "6% Off", "6% Off", "46% Off", "37% Off", "72% Off", "69% Off", "18% Off", "25% Off", "35% Off", "35% Off", "20% Off", "16% Off", "24% Off"]}
{"titles": "Abon 40 pcs Melamine Dinner Set", "prices": "\u20b91822                                             ", "discounts": "63% Off"}
{"titles": "Set Of 32 Pcs Darkpyro White Plastic Dinner", "prices": "\u20b92249", "discounts": "71% Off"}
{"titles": "Abon 40 pcs Melamine Dinner Set", "prices": "\u20b9477                                             ", "discounts": "64% Off"}
{"titles": "Abon Ds200540 Pack Of 40 Dinner Set (Melamine)", "prices": "\u20b9589", "discounts": "67% Off"}
{"titles": "Abon 24 Pcs Melamine Dinner Set", "prices": "\u20b91798                                             ", "discounts": "42% Off"}
{"titles": "Incrzima - 44 Pcs Dinner Set Square Red - 1551R", "prices": "\u20b92219", "discounts": "56% Off"}
{"titles": "Incrizma Yellow 32 Pcs Round Dinner Set", "prices": "\u20b91644                                             ", "discounts": "65% Off"}
{"titles": "Incrzima - 44 Pcs Dinner Set Round Turquoise Blue - 150", "prices": "\u20b92029", "discounts": "50% Off"}
{"titles": "Abon 32 pcs Green Melamine Dinner Set", "prices": "\u20b91150                                             ", "discounts": "74% Off"}
{"titles": "Incrzima - 32 Pcs Dinner Set Round Turquoise Green - 14", "prices": "\u20b91419", "discounts": "31% Off"}
{"titles": "Incrzima - 22 Pcs Square Dinner Set - Lime Green", "prices": "\u20b9988                                             ", "discounts": "51% Off"}
{"titles": "Incrzima - 44 Pcs Dinner Set Round Red -1501R", "prices": "\u20b91219", "discounts": "53% Off"}
{"titles": "Abon 32 pcs Melamine Yellow Dinner set", "prices": "\u20b9972                                             ", "discounts": "75% Off"}
{"titles": "Incrzima - 44 Pcs Dinner Set Round Yellow - 1501Y", "prices": "\u20b91199", "discounts": "53% Off"}
{"titles": "Incrzima 44 Pcs Melamine Dinner Set Round White - 1501W", "prices": "\u20b91134                                             ", "discounts": "56% Off"}
{"titles": "Incrzima - 24 Pcs Round Dinner Set -Turquoise Blue", "prices": "\u20b91399", "discounts": "31% Off"}
{"titles": "Incrzima - 24 Pcs Square Dinner Set - Red", "prices": "\u20b91296                                             ", "discounts": "24% Off"}
{"titles": "Incrzima - 18 Pcs Printed Dinner Set Red Flower", "prices": "\u20b91599", "discounts": "31% Off"}
{"titles": "Discount Point Plastic Soup Bowl Set of 12 pcs (6 Bowls", "prices": "\u20b91185                                             ", "discounts": "72% Off"}
{"titles": "Loozito Printed Round 32 Pcs Dinner Set", "prices": "\u20b91462", "discounts": "39% Off"}
{"titles": "Exclusive and Microwave Safe, Plastic Printed Round Flo", "prices": "\u20b9729                                             ", "discounts": "67% Off"}
{"titles": "32 Peice Melamine Long durable Dinner set", "prices": "\u20b9899", "discounts": "36% Off"}
{"titles": "Exclusive and Microwave Safe, Plastic Printed Round Flo", "prices": "\u20b91069                                             ", "discounts": "70% Off"}
{"titles": "Silver 6 Piece Bowl with Spoon", "prices": "\u20b91319", "discounts": "42% Off"}
{"titles": "Sony Bravia 165 cm (65 inches) 4K Ultra HD Smart OLED T", "prices": "\u20b9321999                                             ", "discounts": "23% Off"}
{"titles": "Sony Bravia 164 cm (65 inches) 4K Ultra HD Smart Certif", "prices": "\u20b9322499", "discounts": "24% Off"}
{"titles": "Sony Bravia 108 cm (43 inches) 4K Ultra HD Certified An", "prices": "\u20b9158499                                             ", "discounts": "19% Off"}
{"titles": "Sony Bravia 189.3 cm (75 inches) 4K Ultra HD Smart Cert", "prices": "\u20b9160999", "discounts": "32% Off"}
{"titles": "Samsung 165.1 cm (65 inch) Ultra HD (4K) LED Smart TV, ", "prices": "\u20b958999                                             ", "discounts": "23% Off"}
{"titles": "Sony Bravia 139 cm (55 inches) 4K Ultra HD Smart OLED T", "prices": "\u20b961499", "discounts": "27% Off"}
{"titles": "Samsung 108 cm (43 inch) Ultra HD (4K) LED Smart TV, 8 ", "prices": "\u20b9223999                                             ", "discounts": "27% Off"}
{"titles": "Sony Bravia 164 cm (65 inches) 4K Ultra HD Certified An", "prices": "\u20b9224499", "discounts": "33% Off"}
{"titles": "Samsung 125 cm (50 Inches) 4K Ultra HD Smart LED TV UA5", "prices": "\u20b9119999                                             ", "discounts": "22% Off"}
{"titles": "Sony Bravia 139 cm (55 inches) 4K Ultra HD Smart Certif", "prices": "\u20b9122499", "discounts": "21% Off"}
{"titles": "Samsung 138 cm (55 inches) 4K Ultra HD Smart LED TV UA5", "prices": "\u20b9217999                                             ", "discounts": "25% Off"}
{"titles": "DR2 TV 50 Inch Smart LED TV with soundbar", "prices": "\u20b9218499", "discounts": "6% Off"}
{"titles": "DR2 TV 50 Inch Smart LED TV", "prices": "\u20b944399                                             ", "discounts": "6% Off"}
{"titles": "Panasonic 139 cm (55 Inches) 4K Ultra HD Smart LED TV T", "prices": "\u20b946899", "discounts": "46% Off"}
{"titles": "Panasonic 139 cm (55 inches) G750 Series 4K Ultra HD LE", "prices": "\u20b9118999                                             ", "discounts": "37% Off"}
{"titles": "Panasonic 139 cm (55 Inches) 4K Ultra HD Smart Android ", "prices": "\u20b9121499", "discounts": "72% Off"}
{"titles": "Panasonic 165.1 cm (65 Inches) 4K Ultra HD Smart Androi", "prices": "\u20b950799                                             ", "discounts": "69% Off"}
{"titles": "Sony Bravia 123 cm (49 inches) 4K Ultra HD Certified An", "prices": "\u20b953299", "discounts": "18% Off"}
{"titles": "Sony Bravia 138.8 cm (55 inches) 4K Ultra HD Certified ", "prices": "\u20b9101999                                             ", "discounts": "25% Off"}
{"titles": "Sony Bravia 138 cm (55 inches) 4K Ultra HD Certified An", "prices": "\u20b9104499", "discounts": "35% Off"}
{"titles": "Sony Bravia 164 cm (65 inches) 4K Ultra HD Certified An", "prices": "\u20b968999                                             ", "discounts": "35% Off"}
{"titles": "Sony Bravia 189.3 cm (75 inches) 4K Ultra HD Smart Cert", "prices": "\u20b971499", "discounts": "20% Off"}
{"titles": "Sony Bravia 214.8 cm (85 inches) 4K Ultra HD Certified ", "prices": "\u20b937499                                             ", "discounts": "16% Off"}
{"titles": "Samsung 125 cm (50 Inches) 4K Ultra HD Smart LED TV UA5", "prices": "\u20b939999", "discounts": "24% Off"}
{"titles": "Sony Bravia 165 cm (65 inches) 4K Ultra HD Smart OLED T", "prices": "\u20b9321999                                             ", "discounts": "23% Off"}
{"titles": "Sony Bravia 164 cm (65 inches) 4K Ultra HD Smart Certif", "prices": "\u20b9322499", "discounts": "24% Off"}
{"titles": "Sony Bravia 108 cm (43 inches) 4K Ultra HD Certified An", "prices": "\u20b9158499                                             ", "discounts": "19% Off"}
{"titles": "Sony Bravia 189.3 cm (75 inches) 4K Ultra HD Smart Cert", "prices": "\u20b9160999", "discounts": "32% Off"}
{"titles": "Samsung 165.1 cm (65 inch) Ultra HD (4K) LED Smart TV, ", "prices": "\u20b958999                                             ", "discounts": "23% Off"}
{"titles": "Sony Bravia 139 cm (55 inches) 4K Ultra HD Smart OLED T", "prices": "\u20b961499", "discounts": "27% Off"}
{"titles": "Samsung 108 cm (43 inch) Ultra HD (4K) LED Smart TV, 8 ", "prices": "\u20b9223999                                             ", "discounts": "27% Off"}
{"titles": "Sony Bravia 164 cm (65 inches) 4K Ultra HD Certified An", "prices": "\u20b9224499", "discounts": "33% Off"}
{"titles": "Samsung 125 cm (50 Inches) 4K Ultra HD Smart LED TV UA5", "prices": "\u20b9119999                                             ", "discounts": "22% Off"}
{"titles": "Sony Bravia 139 cm (55 inches) 4K Ultra HD Smart Certif", "prices": "\u20b9122499", "discounts": "21% Off"}
{"titles": "Samsung 138 cm (55 inches) 4K Ultra HD Smart LED TV UA5", "prices": "\u20b9217999                                             ", "discounts": "25% Off"}
{"titles": "DR2 TV 50 Inch Smart LED TV with soundbar", "prices": "\u20b9218499", "discounts": "6% Off"}
{"titles": "DR2 TV 50 Inch Smart LED TV", "prices": "\u20b944399                                             ", "discounts": "6% Off"}
{"titles": "Panasonic 139 cm (55 Inches) 4K Ultra HD Smart LED TV T", "prices": "\u20b946899", "discounts": "46% Off"}
{"titles": "Panasonic 139 cm (55 inches) G750 Series 4K Ultra HD LE", "prices": "\u20b9118999                                             ", "discounts": "37% Off"}
{"titles": "Panasonic 139 cm (55 Inches) 4K Ultra HD Smart Android ", "prices": "\u20b9121499", "discounts": "72% Off"}
{"titles": "Panasonic 165.1 cm (65 Inches) 4K Ultra HD Smart Androi", "prices": "\u20b950799                                             ", "discounts": "69% Off"}
{"titles": "Sony Bravia 123 cm (49 inches) 4K Ultra HD Certified An", "prices": "\u20b953299", "discounts": "18% Off"}
{"titles": "Sony Bravia 138.8 cm (55 inches) 4K Ultra HD Certified ", "prices": "\u20b9101999                                             ", "discounts": "25% Off"}
{"titles": "Sony Bravia 138 cm (55 inches) 4K Ultra HD Certified An", "prices": "\u20b9104499", "discounts": "35% Off"}
{"titles": "Sony Bravia 164 cm (65 inches) 4K Ultra HD Certified An", "prices": "\u20b968999                                             ", "discounts": "35% Off"}
{"titles": "Sony Bravia 189.3 cm (75 inches) 4K Ultra HD Smart Cert", "prices": "\u20b971499", "discounts": "20% Off"}
{"titles": "Sony Bravia 214.8 cm (85 inches) 4K Ultra HD Certified ", "prices": "\u20b937499                                             ", "discounts": "16% Off"}
{"titles": "Samsung 125 cm (50 Inches) 4K Ultra HD Smart LED TV UA5", "prices": "\u20b939999", "discounts": "24% Off"}
{"titles": "Abon 40 pcs Melamine Dinner Set", "prices": "\u20b91822                                             ", "discounts": "63% Off"}
{"titles": "Set Of 32 Pcs Darkpyro White Plastic Dinner", "prices": "\u20b92249", "discounts": "71% Off"}
{"titles": "Abon 40 pcs Melamine Dinner Set", "prices": "\u20b9477                                             ", "discounts": "64% Off"}
{"titles": "Abon Ds200540 Pack Of 40 Dinner Set (Melamine)", "prices": "\u20b9589", "discounts": "67% Off"}
{"titles": "Abon 24 Pcs Melamine Dinner Set", "prices": "\u20b91798                                             ", "discounts": "42% Off"}
{"titles": "Incrzima - 44 Pcs Dinner Set Square Red - 1551R", "prices": "\u20b92219", "discounts": "56% Off"}
{"titles": "Incrizma Yellow 32 Pcs Round Dinner Set", "prices": "\u20b91644                                             ", "discounts": "65% Off"}
{"titles": "Incrzima - 44 Pcs Dinner Set Round Turquoise Blue - 150", "prices": "\u20b92029", "discounts": "50% Off"}
{"titles": "Abon 32 pcs Green Melamine Dinner Set", "prices": "\u20b91150                                             ", "discounts": "74% Off"}
{"titles": "Incrzima - 32 Pcs Dinner Set Round Turquoise Green - 14", "prices": "\u20b91419", "discounts": "31% Off"}
{"titles": "Incrzima - 22 Pcs Square Dinner Set - Lime Green", "prices": "\u20b9988                                             ", "discounts": "51% Off"}
{"titles": "Incrzima - 44 Pcs Dinner Set Round Red -1501R", "prices": "\u20b91219", "discounts": "53% Off"}
{"titles": "Abon 32 pcs Melamine Yellow Dinner set", "prices": "\u20b9972                                             ", "discounts": "75% Off"}
{"titles": "Incrzima - 44 Pcs Dinner Set Round Yellow - 1501Y", "prices": "\u20b91199", "discounts": "53% Off"}
{"titles": "Incrzima 44 Pcs Melamine Dinner Set Round White - 1501W", "prices": "\u20b91134                                             ", "discounts": "56% Off"}
{"titles": "Incrzima - 24 Pcs Round Dinner Set -Turquoise Blue", "prices": "\u20b91399", "discounts": "31% Off"}
{"titles": "Incrzima - 24 Pcs Square Dinner Set - Red", "prices": "\u20b91296                                             ", "discounts": "24% Off"}
{"titles": "Incrzima - 18 Pcs Printed Dinner Set Red Flower", "prices": "\u20b91599", "discounts": "31% Off"}
{"titles": "Discount Point Plastic Soup Bowl Set of 12 pcs (6 Bowls", "prices": "\u20b91185                                             ", "discounts": "72% Off"}
{"titles": "Loozito Printed Round 32 Pcs Dinner Set", "prices": "\u20b91462", "discounts": "39% Off"}
{"titles": "Exclusive and Microwave Safe, Plastic Printed Round Flo", "prices": "\u20b9729                                             ", "discounts": "67% Off"}
{"titles": "32 Peice Melamine Long durable Dinner set", "prices": "\u20b9899", "discounts": "36% Off"}
{"titles": "Exclusive and Microwave Safe, Plastic Printed Round Flo", "prices": "\u20b91069                                             ", "discounts": "70% Off"}
{"titles": "Silver 6 Piece Bowl with Spoon", "prices": "\u20b91319", "discounts": "42% Off"}
{"titles": "Abon 40 pcs Melamine Dinner Set", "prices": "\u20b91822                                             ", "discounts": "63% Off"}
{"titles": "Set Of 32 Pcs Darkpyro White Plastic Dinner", "prices": "\u20b92249", "discounts": "71% Off"}
{"titles": "Abon 40 pcs Melamine Dinner Set", "prices": "\u20b9477                                             ", "discounts": "64% Off"}
{"titles": "Abon Ds200540 Pack Of 40 Dinner Set (Melamine)", "prices": "\u20b9589", "discounts": "67% Off"}
{"titles": "Abon 24 Pcs Melamine Dinner Set", "prices": "\u20b91798                                             ", "discounts": "42% Off"}
{"titles": "Incrzima - 44 Pcs Dinner Set Square Red - 1551R", "prices": "\u20b92219", "discounts": "56% Off"}
{"titles": "Incrizma Yellow 32 Pcs Round Dinner Set", "prices": "\u20b91644                                             ", "discounts": "65% Off"}
{"titles": "Incrzima - 44 Pcs Dinner Set Round Turquoise Blue - 150", "prices": "\u20b92029", "discounts": "50% Off"}
{"titles": "Abon 32 pcs Green Melamine Dinner Set", "prices": "\u20b91150                                             ", "discounts": "74% Off"}
{"titles": "Incrzima - 32 Pcs Dinner Set Round Turquoise Green - 14", "prices": "\u20b91419", "discounts": "31% Off"}
{"titles": "Incrzima - 22 Pcs Square Dinner Set - Lime Green", "prices": "\u20b9988                                             ", "discounts": "51% Off"}
{"titles": "Incrzima - 44 Pcs Dinner Set Round Red -1501R", "prices": "\u20b91219", "discounts": "53% Off"}
{"titles": "Abon 32 pcs Melamine Yellow Dinner set", "prices": "\u20b9972                                             ", "discounts": "75% Off"}
{"titles": "Incrzima - 44 Pcs Dinner Set Round Yellow - 1501Y", "prices": "\u20b91199", "discounts": "53% Off"}
{"titles": "Incrzima 44 Pcs Melamine Dinner Set Round White - 1501W", "prices": "\u20b91134                                             ", "discounts": "56% Off"}
{"titles": "Incrzima - 24 Pcs Round Dinner Set -Turquoise Blue", "prices": "\u20b91399", "discounts": "31% Off"}
{"titles": "Incrzima - 24 Pcs Square Dinner Set - Red", "prices": "\u20b91296                                             ", "discounts": "24% Off"}
{"titles": "Incrzima - 18 Pcs Printed Dinner Set Red Flower", "prices": "\u20b91599", "discounts": "31% Off"}
{"titles": "Discount Point Plastic Soup Bowl Set of 12 pcs (6 Bowls", "prices": "\u20b91185                                             ", "discounts": "72% Off"}
{"titles": "Loozito Printed Round 32 Pcs Dinner Set", "prices": "\u20b91462", "discounts": "39% Off"}
{"titles": "Exclusive and Microwave Safe, Plastic Printed Round Flo", "prices": "\u20b9729                                             ", "discounts": "67% Off"}
{"titles": "32 Peice Melamine Long durable Dinner set", "prices": "\u20b9899", "discounts": "36% Off"}
{"titles": "Exclusive and Microwave Safe, Plastic Printed Round Flo", "prices": "\u20b91069                                             ", "discounts": "70% Off"}
{"titles": "Silver 6 Piece Bowl with Spoon", "prices": "\u20b91319", "discounts": "42% Off"}
{"titles": "Sony Bravia 165 cm (65 inches) 4K Ultra HD Smart OLED T", "prices": "\u20b9321999                                             ", "discounts": "23% Off"}
{"titles": "Sony Bravia 164 cm (65 inches) 4K Ultra HD Smart Certif", "prices": "\u20b9322499", "discounts": "24% Off"}
{"titles": "Sony Bravia 108 cm (43 inches) 4K Ultra HD Certified An", "prices": "\u20b9158499                                             ", "discounts": "19% Off"}
{"titles": "Sony Bravia 189.3 cm (75 inches) 4K Ultra HD Smart Cert", "prices": "\u20b9160999", "discounts": "32% Off"}
{"titles": "Samsung 165.1 cm (65 inch) Ultra HD (4K) LED Smart TV, ", "prices": "\u20b958999                                             ", "discounts": "23% Off"}
{"titles": "Sony Bravia 139 cm (55 inches) 4K Ultra HD Smart OLED T", "prices": "\u20b961499", "discounts": "27% Off"}
{"titles": "Samsung 108 cm (43 inch) Ultra HD (4K) LED Smart TV, 8 ", "prices": "\u20b9223999                                             ", "discounts": "27% Off"}
{"titles": "Sony Bravia 164 cm (65 inches) 4K Ultra HD Certified An", "prices": "\u20b9224499", "discounts": "33% Off"}
{"titles": "Samsung 125 cm (50 Inches) 4K Ultra HD Smart LED TV UA5", "prices": "\u20b9119999                                             ", "discounts": "22% Off"}
{"titles": "Sony Bravia 139 cm (55 inches) 4K Ultra HD Smart Certif", "prices": "\u20b9122499", "discounts": "21% Off"}
{"titles": "Samsung 138 cm (55 inches) 4K Ultra HD Smart LED TV UA5", "prices": "\u20b9217999                                             ", "discounts": "25% Off"}
{"titles": "DR2 TV 50 Inch Smart LED TV with soundbar", "prices": "\u20b9218499", "discounts": "6% Off"}
{"titles": "DR2 TV 50 Inch Smart LED TV", "prices": "\u20b944399                                             ", "discounts": "6% Off"}
{"titles": "Panasonic 139 cm (55 Inches) 4K Ultra HD Smart LED TV T", "prices": "\u20b946899", "discounts": "46% Off"}
{"titles": "Panasonic 139 cm (55 inches) G750 Series 4K Ultra HD LE", "prices": "\u20b9118999                                             ", "discounts": "37% Off"}
{"titles": "Panasonic 139 cm (55 Inches) 4K Ultra HD Smart Android ", "prices": "\u20b9121499", "discounts": "72% Off"}
{"titles": "Panasonic 165.1 cm (65 Inches) 4K Ultra HD Smart Androi", "prices": "\u20b950799                                             ", "discounts": "69% Off"}
{"titles": "Sony Bravia 123 cm (49 inches) 4K Ultra HD Certified An", "prices": "\u20b953299", "discounts": "18% Off"}
{"titles": "Sony Bravia 138.8 cm (55 inches) 4K Ultra HD Certified ", "prices": "\u20b9101999                                             ", "discounts": "25% Off"}
{"titles": "Sony Bravia 138 cm (55 inches) 4K Ultra HD Certified An", "prices": "\u20b9104499", "discounts": "35% Off"}
{"titles": "Sony Bravia 164 cm (65 inches) 4K Ultra HD Certified An", "prices": "\u20b968999                                             ", "discounts": "35% Off"}
{"titles": "Sony Bravia 189.3 cm (75 inches) 4K Ultra HD Smart Cert", "prices": "\u20b971499", "discounts": "20% Off"}
{"titles": "Sony Bravia 214.8 cm (85 inches) 4K Ultra HD Certified ", "prices": "\u20b937499                                             ", "discounts": "16% Off"}
{"titles": "Samsung 125 cm (50 Inches) 4K Ultra HD Smart LED TV UA5", "prices": "\u20b939999", "discounts": "24% Off"}
{"titles": "Abon 40 pcs Melamine Dinner Set", "prices": "\u20b91822                                             ", "discounts": "63% Off"}
{"titles": "Set Of 32 Pcs Darkpyro White Plastic Dinner", "prices": "\u20b92249", "discounts": "71% Off"}
{"titles": "Abon 40 pcs Melamine Dinner Set", "prices": "\u20b9477                                             ", "discounts": "64% Off"}
{"titles": "Abon Ds200540 Pack Of 40 Dinner Set (Melamine)", "prices": "\u20b9589", "discounts": "67% Off"}
{"titles": "Abon 24 Pcs Melamine Dinner Set", "prices": "\u20b91798                                             ", "discounts": "42% Off"}
{"titles": "Incrzima - 44 Pcs Dinner Set Square Red - 1551R", "prices": "\u20b92219", "discounts": "56% Off"}
{"titles": "Incrizma Yellow 32 Pcs Round Dinner Set", "prices": "\u20b91644                                             ", "discounts": "65% Off"}
{"titles": "Incrzima - 44 Pcs Dinner Set Round Turquoise Blue - 150", "prices": "\u20b92029", "discounts": "50% Off"}
{"titles": "Abon 32 pcs Green Melamine Dinner Set", "prices": "\u20b91150                                             ", "discounts": "74% Off"}
{"titles": "Incrzima - 32 Pcs Dinner Set Round Turquoise Green - 14", "prices": "\u20b91419", "discounts": "31% Off"}
{"titles": "Incrzima - 22 Pcs Square Dinner Set - Lime Green", "prices": "\u20b9988                                             ", "discounts": "51% Off"}
{"titles": "Incrzima - 44 Pcs Dinner Set Round Red -1501R", "prices": "\u20b91219", "discounts": "53% Off"}
{"titles": "Sony Bravia 165 cm (65 inches) 4K Ultra HD Smart OLED T", "prices": "\u20b9321999                                             ", "discounts": "23% Off"}
{"titles": "Abon 32 pcs Melamine Yellow Dinner set", "prices": "\u20b9972                                             ", "discounts": "75% Off"}
{"titles": "Sony Bravia 164 cm (65 inches) 4K Ultra HD Smart Certif", "prices": "\u20b9322499", "discounts": "24% Off"}
{"titles": "Incrzima - 44 Pcs Dinner Set Round Yellow - 1501Y", "prices": "\u20b91199", "discounts": "53% Off"}
{"titles": "Sony Bravia 108 cm (43 inches) 4K Ultra HD Certified An", "prices": "\u20b9158499                                             ", "discounts": "19% Off"}
{"titles": "Incrzima 44 Pcs Melamine Dinner Set Round White - 1501W", "prices": "\u20b91134                                             ", "discounts": "56% Off"}
{"titles": "Sony Bravia 189.3 cm (75 inches) 4K Ultra HD Smart Cert", "prices": "\u20b9160999", "discounts": "32% Off"}
{"titles": "Incrzima - 24 Pcs Round Dinner Set -Turquoise Blue", "prices": "\u20b91399", "discounts": "31% Off"}
{"titles": "Samsung 165.1 cm (65 inch) Ultra HD (4K) LED Smart TV, ", "prices": "\u20b958999                                             ", "discounts": "23% Off"}
{"titles": "Incrzima - 24 Pcs Square Dinner Set - Red", "prices": "\u20b91296                                             ", "discounts": "24% Off"}
{"titles": "Sony Bravia 139 cm (55 inches) 4K Ultra HD Smart OLED T", "prices": "\u20b961499", "discounts": "27% Off"}
{"titles": "Incrzima - 18 Pcs Printed Dinner Set Red Flower", "prices": "\u20b91599", "discounts": "31% Off"}
{"titles": "Samsung 108 cm (43 inch) Ultra HD (4K) LED Smart TV, 8 ", "prices": "\u20b9223999                                             ", "discounts": "27% Off"}
{"titles": "Discount Point Plastic Soup Bowl Set of 12 pcs (6 Bowls", "prices": "\u20b91185                                             ", "discounts": "72% Off"}
{"titles": "Sony Bravia 164 cm (65 inches) 4K Ultra HD Certified An", "prices": "\u20b9224499", "discounts": "33% Off"}
{"titles": "Loozito Printed Round 32 Pcs Dinner Set", "prices": "\u20b91462", "discounts": "39% Off"}
{"titles": "Samsung 125 cm (50 Inches) 4K Ultra HD Smart LED TV UA5", "prices": "\u20b9119999                                             ", "discounts": "22% Off"}
{"titles": "Exclusive and Microwave Safe, Plastic Printed Round Flo", "prices": "\u20b9729                                             ", "discounts": "67% Off"}
{"titles": "Sony Bravia 139 cm (55 inches) 4K Ultra HD Smart Certif", "prices": "\u20b9122499", "discounts": "21% Off"}
{"titles": "32 Peice Melamine Long durable Dinner set", "prices": "\u20b9899", "discounts": "36% Off"}
{"titles": "Samsung 138 cm (55 inches) 4K Ultra HD Smart LED TV UA5", "prices": "\u20b9217999                                             ", "discounts": "25% Off"}
{"titles": "Exclusive and Microwave Safe, Plastic Printed Round Flo", "prices": "\u20b91069                                             ", "discounts": "70% Off"}
{"titles": "DR2 TV 50 Inch Smart LED TV with soundbar", "prices": "\u20b9218499", "discounts": "6% Off"}
{"titles": "Silver 6 Piece Bowl with Spoon", "prices": "\u20b91319", "discounts": "42% Off"}
{"titles": "DR2 TV 50 Inch Smart LED TV", "prices": "\u20b944399                                             ", "discounts": "6% Off"}
{"titles": "Panasonic 139 cm (55 Inches) 4K Ultra HD Smart LED TV T", "prices": "\u20b946899", "discounts": "46% Off"}
{"titles": "Panasonic 139 cm (55 inches) G750 Series 4K Ultra HD LE", "prices": "\u20b9118999                                             ", "discounts": "37% Off"}
{"titles": "Panasonic 139 cm (55 Inches) 4K Ultra HD Smart Android ", "prices": "\u20b9121499", "discounts": "72% Off"}
{"titles": "Panasonic 165.1 cm (65 Inches) 4K Ultra HD Smart Androi", "prices": "\u20b950799                                             ", "discounts": "69% Off"}
{"titles": "Sony Bravia 123 cm (49 inches) 4K Ultra HD Certified An", "prices": "\u20b953299", "discounts": "18% Off"}
{"titles": "Sony Bravia 138.8 cm (55 inches) 4K Ultra HD Certified ", "prices": "\u20b9101999                                             ", "discounts": "25% Off"}
{"titles": "Sony Bravia 138 cm (55 inches) 4K Ultra HD Certified An", "prices": "\u20b9104499", "discounts": "35% Off"}
{"titles": "Sony Bravia 164 cm (65 inches) 4K Ultra HD Certified An", "prices": "\u20b968999                                             ", "discounts": "35% Off"}
{"titles": "Sony Bravia 189.3 cm (75 inches) 4K Ultra HD Smart Cert", "prices": "\u20b971499", "discounts": "20% Off"}
{"titles": "Sony Bravia 214.8 cm (85 inches) 4K Ultra HD Certified ", "prices": "\u20b937499                                             ", "discounts": "16% Off"}
{"titles": "Samsung 125 cm (50 Inches) 4K Ultra HD Smart LED TV UA5", "prices": "\u20b939999", "discounts": "24% Off"}
