{"title": "Sony Bravia 165 cm (65 inches) 4K Ultra HD Smart OLED T", "price": "\u20b9321999                                             ", "discount": "23% Off"}
{"title": "Sony Bravia 164 cm (65 inches) 4K Ultra HD Smart Certif", "price": "\u20b9322499", "discount": "24% Off"}
{"title": "Sony Bravia 108 cm (43 inches) 4K Ultra HD Certified An", "price": "\u20b9158499                                             ", "discount": "19% Off"}
{"title": "Sony Bravia 189.3 cm (75 inches) 4K Ultra HD Smart Cert", "price": "\u20b9160999", "discount": "32% Off"}
{"title": "Samsung 165.1 cm (65 inch) Ultra HD (4K) LED Smart TV, ", "price": "\u20b958999                                             ", "discount": "23% Off"}
{"title": "Sony Bravia 139 cm (55 inches) 4K Ultra HD Smart OLED T", "price": "\u20b961499", "discount": "27% Off"}
{"title": "Samsung 108 cm (43 inch) Ultra HD (4K) LED Smart TV, 8 ", "price": "\u20b9223999                                             ", "discount": "27% Off"}
{"title": "Sony Bravia 164 cm (65 inches) 4K Ultra HD Certified An", "price": "\u20b9224499", "discount": "33% Off"}
{"title": "Samsung 125 cm (50 Inches) 4K Ultra HD Smart LED TV UA5", "price": "\u20b9119999                                             ", "discount": "22% Off"}
{"title": "Sony Bravia 139 cm (55 inches) 4K Ultra HD Smart Certif", "price": "\u20b9122499", "discount": "21% Off"}
{"title": "Samsung 138 cm (55 inches) 4K Ultra HD Smart LED TV UA5", "price": "\u20b9217999                                             ", "discount": "25% Off"}
{"title": "DR2 TV 50 Inch Smart LED TV with soundbar", "price": "\u20b9218499", "discount": "6% Off"}
{"title": "DR2 TV 50 Inch Smart LED TV", "price": "\u20b944399                                             ", "discount": "6% Off"}
{"title": "Panasonic 139 cm (55 Inches) 4K Ultra HD Smart LED TV T", "price": "\u20b946899", "discount": "46% Off"}
{"title": "Panasonic 139 cm (55 inches) G750 Series 4K Ultra HD LE", "price": "\u20b9118999                                             ", "discount": "37% Off"}
{"title": "Panasonic 139 cm (55 Inches) 4K Ultra HD Smart Android ", "price": "\u20b9121499", "discount": "72% Off"}
{"title": "Panasonic 165.1 cm (65 Inches) 4K Ultra HD Smart Androi", "price": "\u20b950799                                             ", "discount": "69% Off"}
{"title": "Sony Bravia 123 cm (49 inches) 4K Ultra HD Certified An", "price": "\u20b953299", "discount": "18% Off"}
{"title": "Sony Bravia 138.8 cm (55 inches) 4K Ultra HD Certified ", "price": "\u20b9101999                                             ", "discount": "25% Off"}
{"title": "Sony Bravia 138 cm (55 inches) 4K Ultra HD Certified An", "price": "\u20b9104499", "discount": "35% Off"}
{"title": "Sony Bravia 164 cm (65 inches) 4K Ultra HD Certified An", "price": "\u20b968999                                             ", "discount": "35% Off"}
{"title": "Sony Bravia 189.3 cm (75 inches) 4K Ultra HD Smart Cert", "price": "\u20b971499", "discount": "20% Off"}
{"title": "Sony Bravia 214.8 cm (85 inches) 4K Ultra HD Certified ", "price": "\u20b937499                                             ", "discount": "16% Off"}
{"title": "Samsung 125 cm (50 Inches) 4K Ultra HD Smart LED TV UA5", "price": "\u20b939999", "discount": "24% Off"}
